,Name,Type 1,Type 2,HP,Attack,Defense,Sp. Atk,Sp. Def,Speed,Generation,Legendary,id,wins,total,%
0,Bulbasaur,Grass,Poison,45,49,49,65,65,45,1,False,1,37,133,0.2781954887218045
1,Ivysaur,Grass,Poison,60,62,63,80,80,60,1,False,2,46,121,0.38016528925619836
2,Venusaur,Grass,Poison,80,82,83,100,100,80,1,False,3,89,132,0.6742424242424242
3,Mega Venusaur,Grass,Poison,80,100,123,122,120,80,1,False,4,70,125,0.56
4,Charmander,Fire,,39,52,43,60,50,65,1,False,5,55,112,0.49107142857142855
5,Charmeleon,Fire,,58,64,58,80,65,80,1,False,6,64,118,0.5423728813559322
6,Charizard,Fire,Flying,78,84,78,109,85,100,1,False,7,115,133,0.8646616541353384
7,Mega Charizard X,Fire,Dragon,78,130,111,130,85,100,1,False,8,119,139,0.8561151079136691
8,Mega Charizard Y,Fire,Flying,78,104,78,159,115,100,1,False,9,114,135,0.8444444444444444
9,Squirtle,Water,,44,48,65,50,64,43,1,False,10,19,117,0.1623931623931624
10,Wartortle,Water,,59,63,80,65,80,58,1,False,11,59,141,0.41843971631205673
11,Mega Blastoise,Water,,79,103,120,135,115,78,1,False,13,83,144,0.5763888888888888
12,Caterpie,Bug,,45,30,35,20,20,45,1,False,14,17,115,0.14782608695652175
13,Metapod,Bug,,50,20,55,25,25,30,1,False,15,13,133,0.09774436090225563
14,Butterfree,Bug,Flying,60,45,50,90,80,70,1,False,16,75,120,0.625
15,Weedle,Bug,Poison,40,35,30,20,20,50,1,False,17,26,111,0.23423423423423423
16,Kakuna,Bug,Poison,45,25,50,25,25,35,1,False,18,17,130,0.13076923076923078
17,Beedrill,Bug,Poison,65,90,40,45,80,75,1,False,19,80,128,0.625
18,Mega Beedrill,Bug,Poison,65,150,40,15,80,145,1,False,20,115,119,0.9663865546218487
19,Pidgey,Normal,Flying,40,45,40,35,35,56,1,False,21,47,126,0.373015873015873
20,Pidgeotto,Normal,Flying,63,60,55,50,50,71,1,False,22,64,121,0.5289256198347108
21,Pidgeot,Normal,Flying,83,80,75,70,70,101,1,False,23,112,130,0.8615384615384616
22,Mega Pidgeot,Normal,Flying,83,80,80,135,80,121,1,False,24,119,126,0.9444444444444444
23,Rattata,Normal,,30,56,35,25,35,72,1,False,25,65,135,0.48148148148148145
24,Raticate,Normal,,55,81,60,50,70,97,1,False,26,101,140,0.7214285714285714
25,Spearow,Normal,Flying,40,60,30,31,31,70,1,False,27,62,138,0.4492753623188406
26,Fearow,Normal,Flying,65,90,65,61,61,100,1,False,28,103,123,0.8373983739837398
27,Ekans,Poison,,35,60,44,40,54,55,1,False,29,48,131,0.366412213740458
28,Arbok,Poison,,60,85,69,65,79,80,1,False,30,72,125,0.576
29,Pikachu,Electric,,35,55,40,50,50,90,1,False,31,93,136,0.6838235294117647
30,Raichu,Electric,,60,90,55,90,80,110,1,False,32,105,121,0.8677685950413223
31,Sandslash,Ground,,75,100,110,45,55,65,1,False,34,56,105,0.5333333333333333
32,Nidoran♀,Poison,,55,47,52,40,40,41,1,False,35,20,119,0.16806722689075632
33,Nidorina,Poison,,70,62,67,55,55,56,1,False,36,57,148,0.38513513513513514
34,Nidoqueen,Poison,Ground,90,92,87,75,85,76,1,False,37,66,122,0.5409836065573771
35,Nidoran♂,Poison,,46,57,40,40,40,50,1,False,38,34,136,0.25
36,Nidorino,Poison,,61,72,57,55,55,65,1,False,39,51,128,0.3984375
37,Nidoking,Poison,Ground,81,102,77,85,75,85,1,False,40,79,140,0.5642857142857143
38,Clefairy,Fairy,,70,45,48,60,65,35,1,False,41,20,127,0.15748031496062992
39,Clefable,Fairy,,95,70,73,95,90,60,1,False,42,49,123,0.3983739837398374
40,Vulpix,Fire,,38,41,40,50,65,65,1,False,43,53,129,0.4108527131782946
41,Ninetales,Fire,,73,76,75,81,100,100,1,False,44,103,127,0.8110236220472441
42,Jigglypuff,Normal,Fairy,115,45,20,45,25,20,1,False,45,15,130,0.11538461538461539
43,Zubat,Poison,Flying,40,45,35,30,40,55,1,False,47,55,145,0.3793103448275862
44,Golbat,Poison,Flying,75,80,70,65,75,90,1,False,48,97,128,0.7578125
45,Oddish,Grass,Poison,45,50,55,75,65,30,1,False,49,9,143,0.06293706293706294
46,Gloom,Grass,Poison,60,65,70,85,75,40,1,False,50,28,129,0.21705426356589147
47,Vileplume,Grass,Poison,75,80,85,110,90,50,1,False,51,44,124,0.3548387096774194
48,Paras,Bug,Grass,35,70,55,45,55,25,1,False,52,13,138,0.09420289855072464
49,Parasect,Bug,Grass,60,95,80,60,80,30,1,False,53,30,154,0.19480519480519481
50,Venonat,Bug,Poison,60,55,50,40,55,45,1,False,54,32,143,0.22377622377622378
51,Venomoth,Bug,Poison,70,65,60,90,75,90,1,False,55,92,140,0.6571428571428571
52,Diglett,Ground,,10,55,25,35,45,95,1,False,56,68,126,0.5396825396825397
53,Dugtrio,Ground,,35,80,50,50,70,120,1,False,57,108,128,0.84375
54,Meowth,Normal,,40,45,35,40,40,90,1,False,58,91,140,0.65
55,Persian,Normal,,65,70,60,65,65,115,1,False,59,103,120,0.8583333333333333
56,Psyduck,Water,,50,52,48,65,50,55,1,False,60,47,142,0.33098591549295775
57,Golduck,Water,,80,82,78,95,80,85,1,False,61,79,115,0.6869565217391305
58,Mankey,Fighting,,40,80,35,35,45,70,1,False,62,55,118,0.4661016949152542
59,Primeape,Fighting,,65,105,60,60,70,95,1,False,63,85,108,0.7870370370370371
60,Growlithe,Fire,,55,70,45,70,50,60,1,False,64,54,120,0.45
61,Arcanine,Fire,,90,110,80,100,80,95,1,False,65,91,114,0.7982456140350878
62,Poliwhirl,Water,,65,65,65,50,50,90,1,False,67,90,125,0.72
63,Poliwrath,Water,Fighting,90,95,95,70,90,70,1,False,68,68,130,0.5230769230769231
64,Abra,Psychic,,25,20,15,105,55,90,1,False,69,35,108,0.32407407407407407
65,Kadabra,Psychic,,40,35,30,120,70,105,1,False,70,87,130,0.6692307692307692
66,Alakazam,Psychic,,55,50,45,135,95,120,1,False,71,108,140,0.7714285714285715
67,Mega Alakazam,Psychic,,55,50,65,175,95,150,1,False,72,86,110,0.7818181818181819
68,Machop,Fighting,,70,80,50,35,35,35,1,False,73,21,150,0.14
69,Machoke,Fighting,,80,100,70,50,60,45,1,False,74,32,124,0.25806451612903225
70,Machamp,Fighting,,90,130,80,65,85,55,1,False,75,51,116,0.4396551724137931
71,Bellsprout,Grass,Poison,50,75,35,70,30,40,1,False,76,23,108,0.21296296296296297
72,Weepinbell,Grass,Poison,65,90,50,85,45,55,1,False,77,45,121,0.371900826446281
73,Tentacool,Water,Poison,40,40,35,50,100,70,1,False,79,79,157,0.5031847133757962
74,Tentacruel,Water,Poison,80,70,65,80,120,100,1,False,80,94,117,0.8034188034188035
75,Geodude,Rock,Ground,40,80,100,30,30,20,1,False,81,16,135,0.11851851851851852
76,Graveler,Rock,Ground,55,95,115,45,45,35,1,False,82,29,137,0.2116788321167883
77,Golem,Rock,Ground,80,120,130,55,65,45,1,False,83,50,135,0.37037037037037035
78,Ponyta,Fire,,50,85,55,65,65,90,1,False,84,86,115,0.7478260869565218
79,Rapidash,Fire,,65,100,70,80,80,105,1,False,85,91,105,0.8666666666666667
80,Slowpoke,Water,Psychic,90,65,65,40,40,15,1,False,86,24,122,0.19672131147540983
81,Slowbro,Water,Psychic,95,75,110,100,80,30,1,False,87,20,131,0.15267175572519084
82,Mega Slowbro,Water,Psychic,95,75,180,130,80,30,1,False,88,16,116,0.13793103448275862
83,Magnemite,Electric,Steel,25,35,70,95,55,45,1,False,89,24,143,0.16783216783216784
84,Farfetch'd,Normal,Flying,52,65,55,58,62,60,1,False,91,52,116,0.4482758620689655
85,Doduo,Normal,Flying,35,85,45,35,35,75,1,False,92,87,134,0.6492537313432836
86,Dodrio,Normal,Flying,60,110,70,60,60,100,1,False,93,121,143,0.8461538461538461
87,Seel,Water,,65,45,55,45,70,45,1,False,94,29,119,0.24369747899159663
88,Dewgong,Water,Ice,90,70,80,70,95,70,1,False,95,68,131,0.5190839694656488
89,Grimer,Poison,,80,80,50,40,50,25,1,False,96,25,142,0.176056338028169
90,Muk,Poison,,105,105,75,65,100,50,1,False,97,50,133,0.37593984962406013
91,Shellder,Water,,30,65,100,45,25,40,1,False,98,21,111,0.1891891891891892
92,Cloyster,Water,Ice,50,95,180,85,45,70,1,False,99,71,134,0.5298507462686567
93,Gastly,Ghost,Poison,30,35,30,100,35,80,1,False,100,61,128,0.4765625
94,Haunter,Ghost,Poison,45,50,45,115,55,95,1,False,101,77,111,0.6936936936936937
95,Gengar,Ghost,Poison,60,65,60,130,75,110,1,False,102,88,114,0.7719298245614035
96,Mega Gengar,Ghost,Poison,60,65,80,170,95,130,1,False,103,113,131,0.8625954198473282
97,Onix,Rock,Ground,35,45,160,30,45,70,1,False,104,65,135,0.48148148148148145
98,Drowzee,Psychic,,60,48,45,43,90,42,1,False,105,30,137,0.21897810218978103
99,Hypno,Psychic,,85,73,70,73,115,67,1,False,106,61,119,0.5126050420168067
100,Krabby,Water,,30,105,90,25,25,50,1,False,107,38,137,0.2773722627737226
101,Kingler,Water,,55,130,115,50,50,75,1,False,108,67,112,0.5982142857142857
102,Voltorb,Electric,,40,30,50,55,55,100,1,False,109,66,113,0.584070796460177
103,Electrode,Electric,,60,50,70,80,80,140,1,False,110,109,129,0.8449612403100775
104,Exeggcute,Grass,Psychic,60,40,80,60,45,40,1,False,111,32,136,0.23529411764705882
105,Exeggutor,Grass,Psychic,95,95,85,125,65,55,1,False,112,37,95,0.3894736842105263
106,Cubone,Ground,,50,50,95,40,50,35,1,False,113,29,143,0.20279720279720279
107,Marowak,Ground,,60,80,110,50,80,45,1,False,114,34,120,0.2833333333333333
108,Hitmonlee,Fighting,,50,120,53,35,110,87,1,False,115,82,128,0.640625
109,Hitmonchan,Fighting,,50,105,79,35,110,76,1,False,116,87,140,0.6214285714285714
110,Lickitung,Normal,,90,55,75,60,75,30,1,False,117,19,136,0.13970588235294118
111,Koffing,Poison,,40,65,95,60,45,35,1,False,118,20,143,0.13986013986013987
112,Weezing,Poison,,65,90,120,85,70,60,1,False,119,56,129,0.43410852713178294
113,Rhyhorn,Ground,Rock,80,85,95,30,30,25,1,False,120,34,119,0.2857142857142857
114,Rhydon,Ground,Rock,105,130,120,45,45,40,1,False,121,48,108,0.4444444444444444
115,Chansey,Normal,,250,5,5,35,105,50,1,False,122,15,98,0.15306122448979592
116,Tangela,Grass,,65,55,115,100,40,60,1,False,123,49,129,0.3798449612403101
117,Kangaskhan,Normal,,105,95,80,40,80,90,1,False,124,95,126,0.753968253968254
118,Mega Kangaskhan,Normal,,105,125,100,60,100,100,1,False,125,107,128,0.8359375
119,Horsea,Water,,30,40,70,70,25,60,1,False,126,55,133,0.41353383458646614
120,Seadra,Water,,55,65,95,95,45,85,1,False,127,78,118,0.6610169491525424
121,Goldeen,Water,,45,67,60,35,50,63,1,False,128,60,117,0.5128205128205128
122,Seaking,Water,,80,92,65,65,80,68,1,False,129,55,114,0.4824561403508772
123,Staryu,Water,,30,45,55,70,55,85,1,False,130,80,142,0.5633802816901409
124,Starmie,Water,Psychic,60,75,85,100,85,115,1,False,131,116,129,0.8992248062015504
125,Mr. Mime,Psychic,Fairy,40,45,65,100,120,90,1,False,132,76,136,0.5588235294117647
126,Scyther,Bug,Flying,70,110,80,55,80,105,1,False,133,124,141,0.8794326241134752
127,Jynx,Ice,Psychic,65,50,35,115,95,95,1,False,134,99,135,0.7333333333333333
128,Electabuzz,Electric,,65,83,57,95,85,105,1,False,135,115,129,0.8914728682170543
129,Magmar,Fire,,65,95,57,100,85,93,1,False,136,96,129,0.7441860465116279
130,Pinsir,Bug,,65,125,100,55,70,85,1,False,137,81,124,0.6532258064516129
131,Mega Pinsir,Bug,Flying,65,155,120,65,90,105,1,False,138,105,121,0.8677685950413223
132,Tauros,Normal,,75,100,95,40,70,110,1,False,139,102,117,0.8717948717948718
133,Magikarp,Water,,20,10,55,15,20,80,1,False,140,25,139,0.17985611510791366
134,Gyarados,Water,Flying,95,125,79,60,100,81,1,False,141,82,133,0.6165413533834586
135,Mega Gyarados,Water,Dark,95,155,109,70,130,81,1,False,142,93,137,0.6788321167883211
136,Lapras,Water,Ice,130,85,80,85,95,60,1,False,143,61,139,0.43884892086330934
137,Eevee,Normal,,55,55,50,45,65,55,1,False,145,37,99,0.37373737373737376
138,Vaporeon,Water,,130,65,60,110,95,65,1,False,146,69,132,0.5227272727272727
139,Jolteon,Electric,,65,65,60,110,95,130,1,False,147,124,134,0.9253731343283582
140,Flareon,Fire,,65,130,60,95,110,65,1,False,148,70,132,0.5303030303030303
141,Porygon,Normal,,65,60,70,85,75,40,1,False,149,23,128,0.1796875
142,Omanyte,Rock,Water,35,40,100,90,55,35,1,False,150,23,128,0.1796875
143,Omastar,Rock,Water,70,60,125,115,70,55,1,False,151,49,138,0.35507246376811596
144,Kabuto,Rock,Water,30,80,90,55,45,55,1,False,152,61,142,0.4295774647887324
145,Kabutops,Rock,Water,60,115,105,65,70,80,1,False,153,79,110,0.7181818181818181
146,Aerodactyl,Rock,Flying,80,105,65,60,75,130,1,False,154,136,141,0.9645390070921985
147,Mega Aerodactyl,Rock,Flying,80,135,85,70,95,150,1,False,155,127,129,0.9844961240310077
148,Snorlax,Normal,,160,110,65,65,110,30,1,False,156,40,112,0.35714285714285715
149,Articuno,Ice,Flying,90,85,100,95,125,85,1,True,157,95,139,0.6834532374100719
150,Zapdos,Electric,Flying,90,90,85,125,90,100,1,True,158,93,121,0.768595041322314
151,Moltres,Fire,Flying,90,100,90,125,85,90,1,True,159,100,136,0.7352941176470589
152,Dratini,Dragon,,41,64,45,50,50,50,1,False,160,43,117,0.36752136752136755
153,Dragonair,Dragon,,61,84,65,70,70,70,1,False,161,58,116,0.5
154,Dragonite,Dragon,Flying,91,134,95,100,100,80,1,False,162,87,138,0.6304347826086957
155,Mewtwo,Psychic,,106,110,90,154,90,130,1,True,163,152,164,0.926829268292683
156,Mega Mewtwo X,Psychic,Fighting,106,190,100,154,100,130,1,True,164,125,135,0.9259259259259259
157,Mega Mewtwo Y,Psychic,,106,150,70,194,120,140,1,True,165,119,125,0.952
158,Mew,Psychic,,100,100,100,100,100,100,1,False,166,94,113,0.831858407079646
159,Chikorita,Grass,,45,49,65,49,65,45,2,False,167,33,120,0.275
160,Bayleef,Grass,,60,62,80,63,80,60,2,False,168,49,113,0.4336283185840708
161,Meganium,Grass,,80,82,100,83,100,80,2,False,169,88,129,0.6821705426356589
162,Cyndaquil,Fire,,39,52,43,60,50,65,2,False,170,61,121,0.5041322314049587
163,Quilava,Fire,,58,64,58,80,65,80,2,False,171,92,151,0.609271523178808
164,Typhlosion,Fire,,78,84,78,109,85,100,2,False,172,100,116,0.8620689655172413
165,Totodile,Water,,50,65,64,44,48,43,2,False,173,29,132,0.2196969696969697
166,Croconaw,Water,,65,80,80,59,63,58,2,False,174,60,136,0.4411764705882353
167,Feraligatr,Water,,85,105,100,79,83,78,2,False,175,81,138,0.5869565217391305
168,Sentret,Normal,,35,46,34,35,45,20,2,False,176,9,125,0.072
169,Furret,Normal,,85,76,64,45,55,90,2,False,177,93,138,0.6739130434782609
170,Hoothoot,Normal,Flying,60,30,30,36,56,50,2,False,178,36,111,0.32432432432432434
171,Noctowl,Normal,Flying,100,50,50,76,96,70,2,False,179,68,136,0.5
172,Ledyba,Bug,Flying,40,20,30,40,80,55,2,False,180,28,123,0.22764227642276422
173,Ledian,Bug,Flying,55,35,50,55,110,85,2,False,181,86,137,0.6277372262773723
174,Spinarak,Bug,Poison,40,60,40,40,40,30,2,False,182,13,137,0.0948905109489051
175,Crobat,Poison,Flying,85,90,80,70,80,130,2,False,184,113,122,0.9262295081967213
176,Chinchou,Water,Electric,75,38,38,56,56,67,2,False,185,60,114,0.5263157894736842
177,Lanturn,Water,Electric,125,58,58,76,76,67,2,False,186,66,128,0.515625
178,Pichu,Electric,,20,40,15,35,35,60,2,False,187,36,105,0.34285714285714286
179,Cleffa,Fairy,,50,25,28,45,55,15,2,False,188,7,112,0.0625
180,Igglybuff,Normal,Fairy,90,30,15,40,20,15,2,False,189,5,115,0.043478260869565216
181,Togepi,Fairy,,35,20,65,40,65,20,2,False,190,3,122,0.02459016393442623
182,Togetic,Fairy,Flying,55,40,85,80,105,40,2,False,191,30,127,0.23622047244094488
183,Natu,Psychic,Flying,40,50,45,70,45,70,2,False,192,64,116,0.5517241379310345
184,Xatu,Psychic,Flying,65,75,70,95,70,95,2,False,193,88,121,0.7272727272727273
185,Mareep,Electric,,55,40,40,65,45,35,2,False,194,23,140,0.16428571428571428
186,Flaaffy,Electric,,70,55,55,80,60,45,2,False,195,24,108,0.2222222222222222
187,Ampharos,Electric,,90,75,85,115,90,55,2,False,196,41,119,0.3445378151260504
188,Mega Ampharos,Electric,Dragon,90,95,105,165,110,45,2,False,197,37,128,0.2890625
189,Bellossom,Grass,,75,80,95,90,100,50,2,False,198,30,139,0.2158273381294964
190,Marill,Water,Fairy,70,20,50,20,50,40,2,False,199,19,122,0.1557377049180328
191,Azumarill,Water,Fairy,100,50,80,60,80,50,2,False,200,44,128,0.34375
192,Sudowoodo,Rock,,70,100,115,30,65,30,2,False,201,30,123,0.24390243902439024
193,Politoed,Water,,90,75,75,90,100,70,2,False,202,65,119,0.5462184873949579
194,Hoppip,Grass,Flying,35,35,40,35,55,50,2,False,203,48,119,0.40336134453781514
195,Skiploom,Grass,Flying,55,45,50,45,65,80,2,False,204,66,119,0.5546218487394958
196,Jumpluff,Grass,Flying,75,55,70,55,95,110,2,False,205,114,135,0.8444444444444444
197,Aipom,Normal,,55,70,55,40,55,85,2,False,206,87,123,0.7073170731707317
198,Sunkern,Grass,,30,30,30,30,30,30,2,False,207,14,111,0.12612612612612611
199,Sunflora,Grass,,75,75,55,105,85,30,2,False,208,23,142,0.1619718309859155
200,Yanma,Bug,Flying,65,65,45,75,45,95,2,False,209,90,125,0.72
201,Wooper,Water,Ground,55,45,45,25,25,15,2,False,210,6,125,0.048
202,Quagsire,Water,Ground,95,85,85,65,65,35,2,False,211,36,140,0.2571428571428571
203,Espeon,Psychic,,65,65,60,130,95,110,2,False,212,117,142,0.823943661971831
204,Umbreon,Dark,,95,65,110,60,130,65,2,False,213,67,127,0.5275590551181102
205,Murkrow,Dark,Flying,60,85,42,85,42,91,2,False,214,130,158,0.8227848101265823
206,Slowking,Water,Psychic,95,75,80,100,110,30,2,False,215,32,132,0.24242424242424243
207,Misdreavus,Ghost,,60,60,60,85,85,85,2,False,216,84,133,0.631578947368421
208,Unown,Psychic,,48,72,48,72,48,48,2,False,217,33,127,0.25984251968503935
209,Wobbuffet,Psychic,,190,33,58,33,58,33,2,False,218,18,134,0.13432835820895522
210,Girafarig,Normal,Psychic,70,80,65,90,65,85,2,False,219,74,128,0.578125
211,Pineco,Bug,,50,65,90,35,35,15,2,False,220,16,109,0.14678899082568808
212,Forretress,Bug,Steel,75,90,140,60,60,40,2,False,221,37,123,0.3008130081300813
213,Dunsparce,Normal,,100,70,70,65,65,45,2,False,222,26,137,0.1897810218978102
214,Gligar,Ground,Flying,65,75,105,35,65,85,2,False,223,93,134,0.6940298507462687
215,Steelix,Steel,Ground,75,85,200,55,65,30,2,False,224,25,149,0.16778523489932887
216,Mega Steelix,Steel,Ground,75,125,230,55,95,30,2,False,225,50,145,0.3448275862068966
217,Snubbull,Fairy,,60,80,50,40,40,30,2,False,226,21,137,0.15328467153284672
218,Granbull,Fairy,,90,120,75,60,60,45,2,False,227,35,119,0.29411764705882354
219,Qwilfish,Water,Poison,65,95,75,55,55,85,2,False,228,104,150,0.6933333333333334
220,Scizor,Bug,Steel,70,130,100,55,80,65,2,False,229,76,125,0.608
221,Mega Scizor,Bug,Steel,70,150,140,65,100,75,2,False,230,77,140,0.55
222,Heracross,Bug,Fighting,80,125,75,40,95,85,2,False,232,94,136,0.6911764705882353
223,Mega Heracross,Bug,Fighting,80,185,115,40,105,75,2,False,233,81,130,0.6230769230769231
224,Sneasel,Dark,Ice,55,95,55,35,75,115,2,False,234,106,113,0.9380530973451328
225,Teddiursa,Normal,,60,80,50,50,50,40,2,False,235,26,109,0.23853211009174313
226,Slugma,Fire,,40,40,40,70,40,20,2,False,237,4,123,0.032520325203252036
227,Magcargo,Fire,Rock,50,50,120,80,80,30,2,False,238,9,124,0.07258064516129033
228,Swinub,Ice,Ground,50,50,40,30,30,50,2,False,239,37,133,0.2781954887218045
229,Piloswine,Ice,Ground,100,100,80,60,60,50,2,False,240,36,118,0.3050847457627119
230,Corsola,Water,Rock,55,55,85,65,85,35,2,False,241,28,139,0.2014388489208633
231,Remoraid,Water,,35,65,35,65,35,65,2,False,242,69,148,0.46621621621621623
232,Octillery,Water,,75,105,75,105,75,45,2,False,243,37,113,0.3274336283185841
233,Delibird,Ice,Flying,45,55,45,65,45,75,2,False,244,74,130,0.5692307692307692
234,Mantine,Water,Flying,65,40,70,80,140,70,2,False,245,78,131,0.5954198473282443
235,Skarmory,Steel,Flying,65,80,140,40,70,70,2,False,246,70,134,0.5223880597014925
236,Houndour,Dark,Fire,45,60,30,80,50,65,2,False,247,58,126,0.4603174603174603
237,Houndoom,Dark,Fire,75,90,50,110,80,95,2,False,248,111,139,0.7985611510791367
238,Mega Houndoom,Dark,Fire,75,90,90,140,90,115,2,False,249,128,135,0.9481481481481482
239,Kingdra,Water,Dragon,75,95,95,95,95,85,2,False,250,88,136,0.6470588235294118
240,Phanpy,Ground,,90,60,60,40,40,40,2,False,251,39,132,0.29545454545454547
241,Donphan,Ground,,90,120,120,60,60,50,2,False,252,48,136,0.35294117647058826
242,Porygon2,Normal,,85,80,90,105,95,60,2,False,253,53,108,0.49074074074074076
243,Stantler,Normal,,73,95,62,85,65,85,2,False,254,90,135,0.6666666666666666
244,Smeargle,Normal,,55,20,35,20,45,75,2,False,255,52,138,0.37681159420289856
245,Tyrogue,Fighting,,35,35,35,35,35,35,2,False,256,17,127,0.13385826771653545
246,Hitmontop,Fighting,,50,95,95,35,110,70,2,False,257,72,139,0.5179856115107914
247,Smoochum,Ice,Psychic,45,30,15,85,65,65,2,False,258,46,127,0.36220472440944884
248,Elekid,Electric,,45,63,37,65,55,95,2,False,259,116,144,0.8055555555555556
249,Magby,Fire,,45,75,37,70,55,83,2,False,260,81,131,0.6183206106870229
250,Miltank,Normal,,95,80,105,40,70,100,2,False,261,103,128,0.8046875
251,Blissey,Normal,,255,10,10,75,135,55,2,False,262,40,128,0.3125
252,Raikou,Electric,,90,85,75,115,100,115,2,True,263,91,97,0.9381443298969072
253,Entei,Fire,,115,115,85,90,75,100,2,True,264,109,134,0.8134328358208955
254,Suicune,Water,,100,75,115,90,115,85,2,True,265,78,121,0.6446280991735537
255,Larvitar,Rock,Ground,50,64,50,45,50,41,2,False,266,25,110,0.22727272727272727
256,Pupitar,Rock,Ground,70,84,70,65,70,51,2,False,267,41,139,0.2949640287769784
257,Tyranitar,Rock,Dark,100,134,110,95,100,61,2,False,268,56,138,0.4057971014492754
258,Mega Tyranitar,Rock,Dark,100,164,150,95,120,71,2,False,269,70,124,0.5645161290322581
259,Lugia,Psychic,Flying,106,90,130,90,154,110,2,True,270,107,123,0.8699186991869918
260,Ho-oh,Fire,Flying,106,130,90,110,154,90,2,True,271,77,107,0.719626168224299
261,Celebi,Psychic,Grass,100,100,100,100,100,100,2,False,272,111,133,0.8345864661654135
262,Treecko,Grass,,40,45,35,65,55,70,3,False,273,52,116,0.4482758620689655
263,Grovyle,Grass,,50,65,45,85,65,95,3,False,274,76,105,0.7238095238095238
264,Sceptile,Grass,,70,85,65,105,85,120,3,False,275,113,122,0.9262295081967213
265,Mega Sceptile,Grass,Dragon,70,110,75,145,85,145,3,False,276,119,126,0.9444444444444444
266,Torchic,Fire,,45,60,40,70,50,45,3,False,277,39,137,0.2846715328467153
267,Combusken,Fire,Fighting,60,85,60,85,60,55,3,False,278,54,147,0.3673469387755102
268,Blaziken,Fire,Fighting,80,120,70,110,70,80,3,False,279,79,123,0.6422764227642277
269,Mega Blaziken,Fire,Fighting,80,160,80,130,80,100,3,False,280,104,123,0.8455284552845529
270,Mudkip,Water,,50,70,50,50,50,40,3,False,281,22,135,0.16296296296296298
271,Marshtomp,Water,Ground,70,85,70,60,70,50,3,False,282,42,148,0.28378378378378377
272,Swampert,Water,Ground,100,110,90,85,90,60,3,False,283,65,136,0.47794117647058826
273,Mega Swampert,Water,Ground,100,150,110,95,110,70,3,False,284,77,130,0.5923076923076923
274,Poochyena,Dark,,35,55,35,30,30,35,3,False,285,27,114,0.23684210526315788
275,Mightyena,Dark,,70,90,70,60,60,70,3,False,286,85,133,0.6390977443609023
276,Zigzagoon,Normal,,38,30,41,30,41,60,3,False,287,31,107,0.2897196261682243
277,Linoone,Normal,,78,70,61,50,61,100,3,False,288,101,124,0.8145161290322581
278,Wurmple,Bug,,45,45,35,20,30,20,3,False,289,10,138,0.07246376811594203
279,Silcoon,Bug,,50,35,55,25,25,15,3,False,290,3,138,0.021739130434782608
280,Beautifly,Bug,Flying,60,70,50,100,50,65,3,False,291,72,138,0.5217391304347826
281,Cascoon,Bug,,50,35,55,25,25,15,3,False,292,7,133,0.05263157894736842
282,Dustox,Bug,Poison,60,50,70,50,90,65,3,False,293,55,139,0.39568345323741005
283,Lotad,Water,Grass,40,30,30,40,50,30,3,False,294,10,126,0.07936507936507936
284,Lombre,Water,Grass,60,50,50,60,70,50,3,False,295,36,127,0.28346456692913385
285,Ludicolo,Water,Grass,80,70,70,90,100,70,3,False,296,69,123,0.5609756097560976
286,Seedot,Grass,,40,40,50,30,30,30,3,False,297,11,126,0.0873015873015873
287,Nuzleaf,Grass,Dark,70,70,40,60,40,60,3,False,298,48,113,0.4247787610619469
288,Shiftry,Grass,Dark,90,100,60,90,60,80,3,False,299,79,123,0.6422764227642277
289,Taillow,Normal,Flying,40,55,30,30,30,85,3,False,300,86,125,0.688
290,Swellow,Normal,Flying,60,85,60,50,50,125,3,False,301,110,121,0.9090909090909091
291,Wingull,Water,Flying,40,30,30,55,30,85,3,False,302,56,120,0.4666666666666667
292,Pelipper,Water,Flying,60,50,100,85,70,65,3,False,303,59,124,0.47580645161290325
293,Ralts,Psychic,Fairy,28,25,25,45,35,40,3,False,304,23,143,0.16083916083916083
294,Kirlia,Psychic,Fairy,38,35,35,65,55,50,3,False,305,36,136,0.2647058823529412
295,Gardevoir,Psychic,Fairy,68,65,65,125,115,80,3,False,306,84,130,0.6461538461538462
296,Mega Gardevoir,Psychic,Fairy,68,85,65,165,135,100,3,False,307,97,120,0.8083333333333333
297,Surskit,Bug,Water,40,30,32,50,52,65,3,False,308,47,128,0.3671875
298,Masquerain,Bug,Flying,70,60,62,80,82,60,3,False,309,63,144,0.4375
299,Shroomish,Grass,,60,40,60,40,60,35,3,False,310,26,144,0.18055555555555555
300,Breloom,Grass,Fighting,60,130,80,60,60,70,3,False,311,67,130,0.5153846153846153
301,Slakoth,Normal,,60,60,60,35,35,30,3,False,312,15,134,0.11194029850746269
302,Vigoroth,Normal,,80,80,80,55,55,90,3,False,313,86,134,0.6417910447761194
303,Slaking,Normal,,150,160,100,95,65,100,3,False,314,133,150,0.8866666666666667
304,Nincada,Bug,Ground,31,45,90,30,30,40,3,False,315,25,114,0.21929824561403508
305,Ninjask,Bug,Flying,61,90,45,50,50,160,3,False,316,108,117,0.9230769230769231
306,Shedinja,Bug,Ghost,1,90,45,30,30,40,3,False,317,41,124,0.33064516129032256
307,Whismur,Normal,,64,51,23,51,23,28,3,False,318,15,132,0.11363636363636363
308,Loudred,Normal,,84,71,43,71,43,48,3,False,319,37,143,0.25874125874125875
309,Exploud,Normal,,104,91,63,91,73,68,3,False,320,65,127,0.5118110236220472
310,Makuhita,Fighting,,72,60,30,20,30,25,3,False,321,14,121,0.11570247933884298
311,Azurill,Normal,Fairy,50,20,40,20,40,20,3,False,323,13,135,0.0962962962962963
312,Nosepass,Rock,,30,45,135,45,90,30,3,False,324,13,140,0.09285714285714286
313,Skitty,Normal,,50,45,45,35,35,50,3,False,325,32,136,0.23529411764705882
314,Delcatty,Normal,,70,65,65,55,55,70,3,False,326,58,116,0.5
315,Sableye,Dark,Ghost,50,75,75,65,65,50,3,False,327,49,121,0.4049586776859504
316,Mega Sableye,Dark,Ghost,50,85,125,85,115,20,3,False,328,59,137,0.4306569343065693
317,Mawile,Steel,Fairy,50,85,85,55,55,50,3,False,329,48,123,0.3902439024390244
318,Mega Mawile,Steel,Fairy,50,105,125,55,95,50,3,False,330,53,141,0.375886524822695
319,Aron,Steel,Rock,50,70,100,40,40,30,3,False,331,28,126,0.2222222222222222
320,Lairon,Steel,Rock,60,90,140,50,50,40,3,False,332,36,142,0.2535211267605634
321,Aggron,Steel,Rock,70,110,180,60,60,50,3,False,333,63,153,0.4117647058823529
322,Mega Aggron,Steel,,70,140,230,60,80,50,3,False,334,48,148,0.32432432432432434
323,Meditite,Fighting,Psychic,30,40,55,40,55,60,3,False,335,45,139,0.3237410071942446
324,Medicham,Fighting,Psychic,60,60,75,60,75,80,3,False,336,82,112,0.7321428571428571
325,Mega Medicham,Fighting,Psychic,60,100,85,80,85,100,3,False,337,89,127,0.7007874015748031
326,Electrike,Electric,,40,45,40,65,40,65,3,False,338,77,136,0.5661764705882353
327,Manectric,Electric,,70,75,60,105,60,105,3,False,339,110,125,0.88
328,Mega Manectric,Electric,,70,75,80,135,80,135,3,False,340,123,134,0.917910447761194
329,Plusle,Electric,,60,50,40,85,75,95,3,False,341,92,122,0.7540983606557377
330,Minun,Electric,,60,40,50,75,85,95,3,False,342,81,134,0.6044776119402985
331,Volbeat,Bug,,65,73,55,47,75,85,3,False,343,76,111,0.6846846846846847
332,Illumise,Bug,,65,47,55,73,75,85,3,False,344,104,160,0.65
333,Roselia,Grass,Poison,50,60,45,100,80,65,3,False,345,53,116,0.45689655172413796
334,Gulpin,Poison,,70,43,53,43,53,40,3,False,346,21,110,0.19090909090909092
335,Swalot,Poison,,100,73,83,73,83,55,3,False,347,45,121,0.371900826446281
336,Carvanha,Water,Dark,45,90,20,65,20,65,3,False,348,66,129,0.5116279069767442
337,Sharpedo,Water,Dark,70,120,40,95,40,95,3,False,349,107,132,0.8106060606060606
338,Mega Sharpedo,Water,Dark,70,140,70,110,65,105,3,False,350,114,120,0.95
339,Wailmer,Water,,130,70,35,70,35,60,3,False,351,45,112,0.4017857142857143
340,Wailord,Water,,170,90,45,90,45,60,3,False,352,59,138,0.427536231884058
341,Numel,Fire,Ground,60,60,40,65,45,35,3,False,353,19,120,0.15833333333333333
342,Camerupt,Fire,Ground,70,100,70,105,75,40,3,False,354,26,112,0.23214285714285715
343,Mega Camerupt,Fire,Ground,70,120,100,145,105,20,3,False,355,37,131,0.2824427480916031
344,Torkoal,Fire,,70,85,140,85,70,20,3,False,356,34,125,0.272
345,Spoink,Psychic,,60,25,35,70,80,60,3,False,357,36,117,0.3076923076923077
346,Grumpig,Psychic,,80,45,65,90,110,80,3,False,358,59,108,0.5462962962962963
347,Spinda,Normal,,60,60,60,60,60,60,3,False,359,48,126,0.38095238095238093
348,Trapinch,Ground,,45,100,45,45,45,10,3,False,360,41,139,0.2949640287769784
349,Vibrava,Ground,Dragon,50,70,50,50,50,70,3,False,361,70,124,0.5645161290322581
350,Flygon,Ground,Dragon,80,100,80,80,80,100,3,False,362,105,116,0.9051724137931034
351,Cacnea,Grass,,50,85,40,85,40,35,3,False,363,22,126,0.1746031746031746
352,Cacturne,Grass,Dark,70,115,60,115,60,55,3,False,364,66,142,0.4647887323943662
353,Swablu,Normal,Flying,45,40,60,40,75,50,3,False,365,36,123,0.2926829268292683
354,Altaria,Dragon,Flying,75,70,90,70,105,80,3,False,366,82,125,0.656
355,Mega Altaria,Dragon,Fairy,75,110,110,110,105,80,3,False,367,90,137,0.656934306569343
356,Zangoose,Normal,,73,115,60,60,60,90,3,False,368,79,118,0.6694915254237288
357,Seviper,Poison,,73,100,60,100,60,65,3,False,369,61,143,0.42657342657342656
358,Lunatone,Rock,Psychic,70,55,65,95,85,70,3,False,370,69,130,0.5307692307692308
359,Solrock,Rock,Psychic,70,95,85,55,65,70,3,False,371,54,108,0.5
360,Barboach,Water,Ground,50,48,43,46,41,60,3,False,372,70,148,0.47297297297297297
361,Whiscash,Water,Ground,110,78,73,76,71,60,3,False,373,41,123,0.3333333333333333
362,Corphish,Water,,43,80,65,50,35,35,3,False,374,22,155,0.14193548387096774
363,Crawdaunt,Water,Dark,63,120,85,90,55,55,3,False,375,34,121,0.2809917355371901
364,Baltoy,Ground,Psychic,40,40,55,40,70,55,3,False,376,61,149,0.40939597315436244
365,Claydol,Ground,Psychic,60,70,105,70,120,75,3,False,377,73,122,0.5983606557377049
366,Lileep,Rock,Grass,66,41,77,61,87,23,3,False,378,15,124,0.12096774193548387
367,Cradily,Rock,Grass,86,81,97,81,107,43,3,False,379,26,128,0.203125
368,Anorith,Rock,Bug,45,95,50,40,50,75,3,False,380,81,150,0.54
369,Armaldo,Rock,Bug,75,125,100,70,80,45,3,False,381,37,112,0.33035714285714285
370,Feebas,Water,,20,15,20,10,55,80,3,False,382,33,123,0.2682926829268293
371,Milotic,Water,,95,60,79,100,125,81,3,False,383,80,129,0.6201550387596899
372,Castform,Normal,,70,70,70,70,70,70,3,False,384,64,121,0.5289256198347108
373,Kecleon,Normal,,60,90,70,60,120,40,3,False,385,34,124,0.27419354838709675
374,Shuppet,Ghost,,44,75,35,63,33,45,3,False,386,36,136,0.2647058823529412
375,Banette,Ghost,,64,115,65,83,63,65,3,False,387,74,139,0.5323741007194245
376,Mega Banette,Ghost,,64,165,75,93,83,75,3,False,388,83,126,0.6587301587301587
377,Duskull,Ghost,,20,40,90,30,90,25,3,False,389,15,132,0.11363636363636363
378,Dusclops,Ghost,,40,70,130,60,130,25,3,False,390,21,121,0.17355371900826447
379,Tropius,Grass,Flying,99,68,83,72,87,51,3,False,391,56,134,0.417910447761194
380,Chimecho,Psychic,,65,50,70,95,80,65,3,False,392,52,122,0.4262295081967213
381,Absol,Dark,,65,130,60,75,60,75,3,False,393,89,129,0.689922480620155
382,Mega Absol,Dark,,65,150,60,115,60,115,3,False,394,130,139,0.935251798561151
383,Wynaut,Psychic,,95,23,48,23,48,23,3,False,395,6,130,0.046153846153846156
384,Snorunt,Ice,,50,50,50,50,50,50,3,False,396,39,127,0.30708661417322836
385,Glalie,Ice,,80,80,80,80,80,80,3,False,397,80,133,0.6015037593984962
386,Mega Glalie,Ice,,80,120,80,120,80,100,3,False,398,78,92,0.8478260869565217
387,Spheal,Ice,Water,70,40,50,55,50,25,3,False,399,8,131,0.061068702290076333
388,Sealeo,Ice,Water,90,60,70,75,70,45,3,False,400,32,134,0.23880597014925373
389,Walrein,Ice,Water,110,80,90,95,90,65,3,False,401,75,149,0.5033557046979866
390,Clamperl,Water,,35,64,85,74,55,32,3,False,402,23,116,0.19827586206896552
391,Huntail,Water,,55,104,105,94,75,52,3,False,403,48,132,0.36363636363636365
392,Gorebyss,Water,,55,84,105,114,75,52,3,False,404,37,128,0.2890625
393,Relicanth,Water,Rock,100,90,130,45,65,55,3,False,405,57,134,0.4253731343283582
394,Luvdisc,Water,,43,30,55,40,65,97,3,False,406,79,131,0.6030534351145038
395,Bagon,Dragon,,45,75,60,40,30,50,3,False,407,38,125,0.304
396,Shelgon,Dragon,,65,95,100,60,50,50,3,False,408,43,123,0.34959349593495936
397,Salamence,Dragon,Flying,95,135,80,110,80,100,3,False,409,113,137,0.8248175182481752
398,Mega Salamence,Dragon,Flying,95,145,130,120,90,120,3,False,410,125,133,0.9398496240601504
399,Beldum,Steel,Psychic,40,55,80,35,60,30,3,False,411,20,133,0.15037593984962405
400,Metang,Steel,Psychic,60,75,100,55,80,50,3,False,412,42,136,0.3088235294117647
401,Metagross,Steel,Psychic,80,135,130,95,90,70,3,False,413,57,110,0.5181818181818182
402,Mega Metagross,Steel,Psychic,80,145,150,105,110,110,3,False,414,113,130,0.8692307692307693
403,Regirock,Rock,,80,100,200,50,100,50,3,True,415,50,144,0.3472222222222222
404,Regice,Ice,,80,50,100,100,200,50,3,True,416,33,140,0.2357142857142857
405,Registeel,Steel,,80,75,150,75,150,50,3,True,417,35,113,0.30973451327433627
406,Latias,Dragon,Psychic,80,80,90,110,130,110,3,True,418,116,133,0.8721804511278195
407,Latios,Dragon,Psychic,80,90,80,130,110,110,3,True,420,107,125,0.856
408,Mega Latios,Dragon,Psychic,80,130,100,160,120,110,3,True,421,97,108,0.8981481481481481
409,Kyogre,Water,,100,100,90,150,140,90,3,True,422,92,128,0.71875
410,Primal Kyogre,Water,,100,150,90,180,160,90,3,True,423,97,132,0.7348484848484849
411,Groudon,Ground,,100,150,140,100,90,90,3,True,424,106,133,0.7969924812030075
412,Primal Groudon,Ground,Fire,100,180,160,150,90,90,3,True,425,91,121,0.7520661157024794
413,Rayquaza,Dragon,Flying,105,150,90,150,90,95,3,True,426,116,140,0.8285714285714286
414,Mega Rayquaza,Dragon,Flying,105,180,100,180,100,115,3,True,427,127,134,0.9477611940298507
415,Jirachi,Steel,Psychic,100,100,100,100,100,100,3,True,428,134,153,0.8758169934640523
416,Deoxys Normal Forme,Psychic,,50,150,50,150,50,150,3,True,429,99,106,0.9339622641509434
417,DeoxysAttack Forme,Psychic,,50,180,20,180,20,150,3,True,430,121,134,0.9029850746268657
418,Deoxys Defense Forme,Psychic,,50,70,160,70,160,90,3,True,431,112,151,0.7417218543046358
419,Deoxys Speed Forme,Psychic,,50,95,90,95,90,180,3,True,432,133,145,0.9172413793103448
420,Turtwig,Grass,,55,68,64,45,55,31,4,False,433,14,120,0.11666666666666667
421,Grotle,Grass,,75,89,85,55,65,36,4,False,434,39,132,0.29545454545454547
422,Torterra,Grass,Ground,95,109,105,75,85,56,4,False,435,39,113,0.34513274336283184
423,Chimchar,Fire,,44,58,44,58,44,61,4,False,436,47,112,0.41964285714285715
424,Monferno,Fire,Fighting,64,78,52,78,52,81,4,False,437,79,123,0.6422764227642277
425,Infernape,Fire,Fighting,76,104,71,104,71,108,4,False,438,136,149,0.912751677852349
426,Piplup,Water,,53,51,53,61,56,40,4,False,439,20,140,0.14285714285714285
427,Prinplup,Water,,64,66,68,81,76,50,4,False,440,33,131,0.25190839694656486
428,Empoleon,Water,Steel,84,86,88,111,101,60,4,False,441,57,123,0.4634146341463415
429,Starly,Normal,Flying,40,55,30,30,30,60,4,False,442,54,124,0.43548387096774194
430,Staravia,Normal,Flying,55,75,50,40,40,80,4,False,443,75,119,0.6302521008403361
431,Staraptor,Normal,Flying,85,120,70,50,60,100,4,False,444,113,136,0.8308823529411765
432,Bidoof,Normal,,59,45,40,35,40,31,4,False,445,19,133,0.14285714285714285
433,Bibarel,Normal,Water,79,85,60,55,60,71,4,False,446,84,139,0.60431654676259
434,Kricketot,Bug,,37,25,41,25,41,25,4,False,447,11,124,0.08870967741935484
435,Kricketune,Bug,,77,85,51,55,51,65,4,False,448,63,122,0.5163934426229508
436,Shinx,Electric,,45,65,34,40,34,45,4,False,449,36,139,0.2589928057553957
437,Luxio,Electric,,60,85,49,60,49,60,4,False,450,56,126,0.4444444444444444
438,Luxray,Electric,,80,120,79,95,79,70,4,False,451,77,132,0.5833333333333334
439,Budew,Grass,Poison,40,30,35,50,70,55,4,False,452,33,117,0.28205128205128205
440,Roserade,Grass,Poison,60,70,65,125,105,90,4,False,453,94,136,0.6911764705882353
441,Cranidos,Rock,,67,125,40,30,30,58,4,False,454,35,102,0.3431372549019608
442,Rampardos,Rock,,97,165,60,65,50,58,4,False,455,48,123,0.3902439024390244
443,Shieldon,Rock,Steel,30,42,118,42,88,30,4,False,456,14,125,0.112
444,Bastiodon,Rock,Steel,60,52,168,47,138,30,4,False,457,24,121,0.19834710743801653
445,Burmy,Bug,,40,29,45,29,45,36,4,False,458,18,123,0.14634146341463414
446,Wormadam Plant Cloak,Bug,Grass,60,59,85,79,105,36,4,False,459,21,126,0.16666666666666666
447,Wormadam Sandy Cloak,Bug,Ground,60,79,105,59,85,36,4,False,460,22,129,0.17054263565891473
448,Wormadam Trash Cloak,Bug,Steel,60,69,95,69,95,36,4,False,461,36,138,0.2608695652173913
449,Mothim,Bug,Flying,70,94,50,94,50,66,4,False,462,65,135,0.48148148148148145
450,Combee,Bug,Flying,30,30,42,30,42,70,4,False,463,55,130,0.4230769230769231
451,Vespiquen,Bug,Flying,70,80,102,80,102,40,4,False,464,34,127,0.2677165354330709
452,Pachirisu,Electric,,60,45,70,45,90,95,4,False,465,103,141,0.7304964539007093
453,Buizel,Water,,55,65,35,60,30,85,4,False,466,68,111,0.6126126126126126
454,Floatzel,Water,,85,105,55,85,50,115,4,False,467,112,124,0.9032258064516129
455,Cherubi,Grass,,45,35,45,62,53,35,4,False,468,16,135,0.11851851851851852
456,Cherrim,Grass,,70,60,70,87,78,85,4,False,469,71,114,0.6228070175438597
457,Shellos,Water,,76,48,48,57,62,34,4,False,470,18,154,0.11688311688311688
458,Gastrodon,Water,Ground,111,83,68,92,82,39,4,False,471,22,124,0.1774193548387097
459,Ambipom,Normal,,75,100,66,60,66,115,4,False,472,102,111,0.918918918918919
460,Drifloon,Ghost,Flying,90,50,34,60,44,70,4,False,473,71,113,0.6283185840707964
461,Drifblim,Ghost,Flying,150,80,44,90,54,80,4,False,474,80,128,0.625
462,Buneary,Normal,,55,66,44,44,56,85,4,False,475,93,135,0.6888888888888889
463,Lopunny,Normal,,65,76,84,54,96,105,4,False,476,109,121,0.9008264462809917
464,Mega Lopunny,Normal,Fighting,65,136,94,54,96,135,4,False,477,124,129,0.9612403100775194
465,Mismagius,Ghost,,60,60,60,105,105,105,4,False,478,106,125,0.848
466,Glameow,Normal,,49,55,42,42,37,85,4,False,480,71,117,0.6068376068376068
467,Purugly,Normal,,71,82,64,64,59,112,4,False,481,111,119,0.9327731092436975
468,Chingling,Psychic,,45,30,50,65,50,45,4,False,482,17,123,0.13821138211382114
469,Stunky,Poison,Dark,63,63,47,41,41,74,4,False,483,70,125,0.56
470,Skuntank,Poison,Dark,103,93,67,71,61,84,4,False,484,85,119,0.7142857142857143
471,Bronzor,Steel,Psychic,57,24,86,24,86,23,4,False,485,14,110,0.12727272727272726
472,Bronzong,Steel,Psychic,67,89,116,79,116,33,4,False,486,37,141,0.2624113475177305
473,Bonsly,Rock,,50,80,95,10,45,10,4,False,487,29,125,0.232
474,Mime Jr.,Psychic,Fairy,20,25,45,70,90,60,4,False,488,37,120,0.30833333333333335
475,Happiny,Normal,,100,5,5,15,65,30,4,False,489,8,104,0.07692307692307693
476,Chatot,Normal,Flying,76,65,45,92,42,91,4,False,490,111,149,0.7449664429530202
477,Spiritomb,Ghost,Dark,50,92,108,92,108,35,4,False,491,29,118,0.2457627118644068
478,Gible,Dragon,Ground,58,70,45,40,45,42,4,False,492,35,135,0.25925925925925924
479,Gabite,Dragon,Ground,68,90,65,50,55,82,4,False,493,82,133,0.6165413533834586
480,Garchomp,Dragon,Ground,108,130,95,80,85,102,4,False,494,97,127,0.7637795275590551
481,Mega Garchomp,Dragon,Ground,108,170,115,120,95,92,4,False,495,85,120,0.7083333333333334
482,Munchlax,Normal,,135,85,40,40,85,5,4,False,496,81,118,0.6864406779661016
483,Riolu,Fighting,,40,70,40,35,40,60,4,False,497,49,125,0.392
484,Lucario,Fighting,Steel,70,110,70,115,70,90,4,False,498,90,120,0.75
485,Mega Lucario,Fighting,Steel,70,145,88,140,70,112,4,False,499,96,108,0.8888888888888888
486,Hippopotas,Ground,,68,72,78,38,42,32,4,False,500,30,126,0.23809523809523808
487,Hippowdon,Ground,,108,112,118,68,72,47,4,False,501,35,120,0.2916666666666667
488,Skorupi,Poison,Bug,40,50,90,30,55,65,4,False,502,63,141,0.44680851063829785
489,Drapion,Poison,Dark,70,90,110,60,75,95,4,False,503,88,120,0.7333333333333333
490,Croagunk,Poison,Fighting,48,61,40,61,40,50,4,False,504,29,114,0.2543859649122807
491,Toxicroak,Poison,Fighting,83,106,65,86,65,85,4,False,505,85,128,0.6640625
492,Carnivine,Grass,,74,100,72,90,72,46,4,False,506,28,114,0.24561403508771928
493,Finneon,Water,,49,49,56,49,61,66,4,False,507,68,131,0.5190839694656488
494,Lumineon,Water,,69,69,76,69,86,91,4,False,508,78,119,0.6554621848739496
495,Mantyke,Water,Flying,45,20,50,60,120,50,4,False,509,26,108,0.24074074074074073
496,Snover,Grass,Ice,60,62,50,62,60,40,4,False,510,22,121,0.18181818181818182
497,Abomasnow,Grass,Ice,90,92,75,92,85,60,4,False,511,60,121,0.49586776859504134
498,Mega Abomasnow,Grass,Ice,90,132,105,132,105,30,4,False,512,62,146,0.4246575342465753
499,Weavile,Dark,Ice,70,120,65,45,85,125,4,False,513,116,119,0.9747899159663865
500,Magnezone,Electric,Steel,70,70,115,130,90,60,4,False,514,63,118,0.5338983050847458
501,Lickilicky,Normal,,110,85,95,80,95,50,4,False,515,35,129,0.2713178294573643
502,Rhyperior,Ground,Rock,115,140,130,55,55,40,4,False,516,47,104,0.4519230769230769
503,Tangrowth,Grass,,100,100,125,110,50,50,4,False,517,48,125,0.384
504,Electivire,Electric,,75,123,67,95,85,95,4,False,518,94,123,0.7642276422764228
505,Magmortar,Fire,,75,95,67,125,95,83,4,False,519,79,111,0.7117117117117117
506,Togekiss,Fairy,Flying,85,50,95,120,115,80,4,False,520,73,126,0.5793650793650794
507,Yanmega,Bug,Flying,86,76,86,116,56,95,4,False,521,91,114,0.7982456140350878
508,Leafeon,Grass,,65,110,130,60,65,95,4,False,522,125,151,0.8278145695364238
509,Glaceon,Ice,,65,60,110,130,95,65,4,False,523,64,134,0.47761194029850745
510,Gliscor,Ground,Flying,75,95,125,45,75,95,4,False,524,109,132,0.8257575757575758
511,Mamoswine,Ice,Ground,110,130,80,70,60,80,4,False,525,68,116,0.5862068965517241
512,Porygon-Z,Normal,,85,80,70,135,75,90,4,False,526,103,147,0.7006802721088435
513,Gallade,Psychic,Fighting,68,125,65,65,115,80,4,False,527,86,137,0.6277372262773723
514,Mega Gallade,Psychic,Fighting,68,165,95,65,115,110,4,False,528,112,130,0.8615384615384616
515,Probopass,Rock,Steel,60,55,145,75,150,40,4,False,529,26,130,0.2
516,Dusknoir,Ghost,,45,100,135,65,135,45,4,False,530,40,136,0.29411764705882354
517,Froslass,Ice,Ghost,70,80,70,80,70,110,4,False,531,91,138,0.6594202898550725
518,Rotom,Electric,Ghost,50,50,77,95,77,91,4,False,532,71,120,0.5916666666666667
519,Heat Rotom,Electric,Fire,50,65,107,105,107,86,4,False,533,79,113,0.6991150442477876
520,Wash Rotom,Electric,Water,50,65,107,105,107,86,4,False,534,90,116,0.7758620689655172
521,Frost Rotom,Electric,Ice,50,65,107,105,107,86,4,False,535,90,128,0.703125
522,Fan Rotom,Electric,Flying,50,65,107,105,107,86,4,False,536,88,121,0.7272727272727273
523,Mow Rotom,Electric,Grass,50,65,107,105,107,86,4,False,537,98,134,0.7313432835820896
524,Uxie,Psychic,,75,75,130,75,130,95,4,True,538,92,123,0.7479674796747967
525,Mesprit,Psychic,,80,105,105,105,105,80,4,True,539,79,133,0.5939849624060151
526,Azelf,Psychic,,75,125,70,125,70,115,4,True,540,122,135,0.9037037037037037
527,Dialga,Steel,Dragon,100,120,120,150,100,90,4,True,541,119,151,0.7880794701986755
528,Palkia,Water,Dragon,90,120,100,150,120,100,4,True,542,115,149,0.7718120805369127
529,Heatran,Fire,Steel,91,90,106,130,106,77,4,True,543,85,131,0.648854961832061
530,Regigigas,Normal,,110,160,110,80,110,100,4,True,544,122,142,0.8591549295774648
531,Giratina Altered Forme,Ghost,Dragon,150,100,120,100,120,90,4,True,545,74,111,0.6666666666666666
532,Giratina Origin Forme,Ghost,Dragon,150,120,100,120,100,90,4,True,546,89,134,0.664179104477612
533,Cresselia,Psychic,,120,70,120,75,130,85,4,False,547,79,118,0.6694915254237288
534,Phione,Water,,80,80,80,80,80,80,4,False,548,74,132,0.5606060606060606
535,Manaphy,Water,,100,100,100,100,100,100,4,False,549,118,134,0.8805970149253731
536,Darkrai,Dark,,70,90,90,135,90,125,4,True,550,110,117,0.9401709401709402
537,Shaymin Land Forme,Grass,,100,100,100,100,100,100,4,True,551,117,136,0.8602941176470589
538,Shaymin Sky Forme,Grass,Flying,100,103,75,120,75,127,4,True,552,111,118,0.940677966101695
539,Arceus,Normal,,120,120,120,120,120,120,4,True,553,114,122,0.9344262295081968
540,Victini,Psychic,Fire,100,100,100,100,100,100,5,True,554,115,131,0.8778625954198473
541,Snivy,Grass,,45,45,55,45,55,63,5,False,555,51,111,0.4594594594594595
542,Serperior,Grass,,75,75,95,75,95,113,5,False,557,119,132,0.9015151515151515
543,Tepig,Fire,,65,63,45,45,45,45,5,False,558,34,131,0.2595419847328244
544,Pignite,Fire,Fighting,90,93,55,70,55,55,5,False,559,55,144,0.3819444444444444
545,Emboar,Fire,Fighting,110,123,65,100,65,65,5,False,560,72,138,0.5217391304347826
546,Oshawott,Water,,55,55,45,63,45,45,5,False,561,31,124,0.25
547,Dewott,Water,,75,75,60,83,60,60,5,False,562,48,122,0.39344262295081966
548,Samurott,Water,,95,100,85,108,70,70,5,False,563,65,115,0.5652173913043478
549,Patrat,Normal,,45,55,39,35,39,42,5,False,564,25,135,0.18518518518518517
550,Watchog,Normal,,60,85,69,60,69,77,5,False,565,69,133,0.518796992481203
551,Lillipup,Normal,,45,60,45,25,45,55,5,False,566,29,100,0.29
552,Herdier,Normal,,65,80,65,35,65,60,5,False,567,53,138,0.38405797101449274
553,Stoutland,Normal,,85,110,90,45,90,80,5,False,568,72,116,0.6206896551724138
554,Purrloin,Dark,,41,50,37,50,37,66,5,False,569,59,114,0.5175438596491229
555,Liepard,Dark,,64,88,50,88,50,106,5,False,570,123,135,0.9111111111111111
556,Pansage,Grass,,50,53,48,53,48,64,5,False,571,53,130,0.4076923076923077
557,Simisage,Grass,,75,98,63,98,63,101,5,False,572,106,131,0.8091603053435115
558,Pansear,Fire,,50,53,48,53,48,64,5,False,573,60,130,0.46153846153846156
559,Simisear,Fire,,75,98,63,98,63,101,5,False,574,113,127,0.889763779527559
560,Panpour,Water,,50,53,48,53,48,64,5,False,575,42,117,0.358974358974359
561,Simipour,Water,,75,98,63,98,63,101,5,False,576,113,133,0.849624060150376
562,Munna,Psychic,,76,25,45,67,55,24,5,False,577,5,128,0.0390625
563,Musharna,Psychic,,116,55,85,107,95,29,5,False,578,9,132,0.06818181818181818
564,Pidove,Normal,Flying,50,55,50,36,30,43,5,False,579,45,154,0.2922077922077922
565,Tranquill,Normal,Flying,62,77,62,50,42,65,5,False,580,60,124,0.4838709677419355
566,Unfezant,Normal,Flying,80,115,80,65,55,93,5,False,581,102,130,0.7846153846153846
567,Blitzle,Electric,,45,60,32,50,32,76,5,False,582,80,135,0.5925925925925926
568,Zebstrika,Electric,,75,100,63,80,63,116,5,False,583,100,107,0.9345794392523364
569,Roggenrola,Rock,,55,75,85,25,25,15,5,False,584,27,144,0.1875
570,Boldore,Rock,,70,105,105,50,40,20,5,False,585,44,131,0.33587786259541985
571,Gigalith,Rock,,85,135,130,60,80,25,5,False,586,60,148,0.40540540540540543
572,Woobat,Psychic,Flying,55,45,43,55,43,72,5,False,587,72,123,0.5853658536585366
573,Swoobat,Psychic,Flying,67,57,55,77,55,114,5,False,588,103,116,0.8879310344827587
574,Drilbur,Ground,,60,85,40,30,45,68,5,False,589,70,109,0.6422018348623854
575,Excadrill,Ground,Steel,110,135,60,50,65,88,5,False,590,103,133,0.7744360902255639
576,Audino,Normal,,103,60,86,60,86,50,5,False,591,46,133,0.3458646616541353
577,Mega Audino,Normal,Fairy,103,60,126,80,126,50,5,False,592,48,132,0.36363636363636365
578,Timburr,Fighting,,75,80,55,25,35,35,5,False,593,28,150,0.18666666666666668
579,Gurdurr,Fighting,,85,105,85,40,50,40,5,False,594,25,118,0.211864406779661
580,Conkeldurr,Fighting,,105,140,95,55,65,45,5,False,595,39,130,0.3
581,Tympole,Water,,50,50,40,50,40,64,5,False,596,62,136,0.45588235294117646
582,Palpitoad,Water,Ground,75,65,55,65,55,69,5,False,597,54,124,0.43548387096774194
583,Seismitoad,Water,Ground,105,95,75,85,75,74,5,False,598,68,119,0.5714285714285714
584,Throh,Fighting,,120,100,85,30,85,45,5,False,599,33,147,0.22448979591836735
585,Sawk,Fighting,,75,125,75,30,75,85,5,False,600,85,136,0.625
586,Sewaddle,Bug,Grass,45,53,70,40,60,42,5,False,601,35,136,0.25735294117647056
587,Swadloon,Bug,Grass,55,63,90,50,80,42,5,False,602,26,123,0.21138211382113822
588,Leavanny,Bug,Grass,75,103,80,70,80,92,5,False,603,96,121,0.7933884297520661
589,Venipede,Bug,Poison,30,45,59,30,39,57,5,False,604,37,132,0.2803030303030303
590,Whirlipede,Bug,Poison,40,55,99,40,79,47,5,False,605,26,99,0.26262626262626265
591,Scolipede,Bug,Poison,60,100,89,55,69,112,5,False,606,106,114,0.9298245614035088
592,Cottonee,Grass,Fairy,40,27,60,37,50,66,5,False,607,46,127,0.36220472440944884
593,Whimsicott,Grass,Fairy,60,67,85,77,75,116,5,False,608,104,117,0.8888888888888888
594,Petilil,Grass,,45,35,50,70,50,30,5,False,609,23,146,0.15753424657534246
595,Lilligant,Grass,,70,60,75,110,75,90,5,False,610,91,127,0.7165354330708661
596,Basculin,Water,,70,92,65,80,55,98,5,False,611,89,110,0.8090909090909091
597,Sandile,Ground,Dark,50,72,35,35,35,65,5,False,612,72,134,0.5373134328358209
598,Krokorok,Ground,Dark,60,82,45,45,45,74,5,False,613,65,113,0.5752212389380531
599,Krookodile,Ground,Dark,95,117,80,65,70,92,5,False,614,111,132,0.8409090909090909
600,Darumaka,Fire,,70,90,45,15,45,50,5,False,615,45,124,0.3629032258064516
601,Darmanitan Standard Mode,Fire,,105,140,55,30,55,95,5,False,616,109,133,0.8195488721804511
602,Darmanitan Zen Mode,Fire,Psychic,105,30,105,140,105,55,5,False,617,43,122,0.3524590163934426
603,Dwebble,Bug,Rock,50,65,85,35,35,55,5,False,619,43,132,0.32575757575757575
604,Crustle,Bug,Rock,70,95,125,65,75,45,5,False,620,40,119,0.33613445378151263
605,Scraggy,Dark,Fighting,50,75,70,35,70,48,5,False,621,32,109,0.29357798165137616
606,Scrafty,Dark,Fighting,65,90,115,45,115,58,5,False,622,61,121,0.5041322314049587
607,Sigilyph,Psychic,Flying,72,58,80,103,80,97,5,False,623,109,152,0.7171052631578947
608,Yamask,Ghost,,38,30,85,55,65,30,5,False,624,27,126,0.21428571428571427
609,Cofagrigus,Ghost,,58,50,145,95,105,30,5,False,625,30,122,0.2459016393442623
610,Tirtouga,Water,Rock,54,78,103,53,45,22,5,False,626,30,129,0.23255813953488372
611,Carracosta,Water,Rock,74,108,133,83,65,32,5,False,627,45,140,0.32142857142857145
612,Archen,Rock,Flying,55,112,45,74,45,70,5,False,628,66,118,0.559322033898305
613,Archeops,Rock,Flying,75,140,65,112,65,110,5,False,629,117,128,0.9140625
614,Trubbish,Poison,,50,50,62,40,62,65,5,False,630,49,117,0.4188034188034188
615,Garbodor,Poison,,80,95,82,60,82,75,5,False,631,87,145,0.6
616,Zorua,Dark,,40,65,40,80,40,65,5,False,632,66,131,0.5038167938931297
617,Zoroark,Dark,,60,105,60,120,60,105,5,False,633,100,113,0.8849557522123894
618,Minccino,Normal,,55,50,40,40,40,75,5,False,634,88,148,0.5945945945945946
619,Cinccino,Normal,,75,95,60,65,60,115,5,False,635,115,131,0.8778625954198473
620,Gothita,Psychic,,45,30,50,55,65,45,5,False,636,26,125,0.208
621,Gothorita,Psychic,,60,45,70,75,85,55,5,False,637,37,123,0.3008130081300813
622,Gothitelle,Psychic,,70,55,95,95,110,65,5,False,638,65,133,0.48872180451127817
623,Solosis,Psychic,,45,30,40,105,50,20,5,False,639,4,129,0.031007751937984496
624,Duosion,Psychic,,65,40,50,125,60,30,5,False,640,9,124,0.07258064516129033
625,Reuniclus,Psychic,,110,65,75,125,85,30,5,False,641,18,120,0.15
626,Ducklett,Water,Flying,62,44,50,44,50,55,5,False,642,45,124,0.3629032258064516
627,Swanna,Water,Flying,75,87,63,87,63,98,5,False,643,103,119,0.865546218487395
628,Vanillite,Ice,,36,50,50,65,60,44,5,False,644,18,110,0.16363636363636364
629,Vanillish,Ice,,51,65,65,80,75,59,5,False,645,55,126,0.4365079365079365
630,Vanilluxe,Ice,,71,95,85,110,95,79,5,False,646,83,125,0.664
631,Deerling,Normal,Grass,60,60,50,40,50,75,5,False,647,70,119,0.5882352941176471
632,Sawsbuck,Normal,Grass,80,100,70,60,70,95,5,False,648,89,120,0.7416666666666667
633,Emolga,Electric,Flying,55,75,60,75,60,103,5,False,649,91,114,0.7982456140350878
634,Karrablast,Bug,,50,75,45,40,45,60,5,False,650,53,121,0.4380165289256198
635,Escavalier,Bug,Steel,70,135,105,60,105,20,5,False,651,72,124,0.5806451612903226
636,Foongus,Grass,Poison,69,55,45,55,55,15,5,False,652,14,120,0.11666666666666667
637,Amoonguss,Grass,Poison,114,85,70,85,80,30,5,False,653,25,121,0.2066115702479339
638,Frillish,Water,Ghost,55,40,50,65,85,40,5,False,654,42,132,0.3181818181818182
639,Alomomola,Water,,165,75,80,40,45,65,5,False,656,68,132,0.5151515151515151
640,Joltik,Bug,Electric,50,47,50,57,50,65,5,False,657,64,138,0.463768115942029
641,Galvantula,Bug,Electric,70,77,60,97,60,108,5,False,658,115,137,0.8394160583941606
642,Ferroseed,Grass,Steel,44,50,91,24,86,10,5,False,659,22,111,0.1981981981981982
643,Ferrothorn,Grass,Steel,74,94,131,54,116,20,5,False,660,61,136,0.4485294117647059
644,Klink,Steel,,40,55,70,45,60,30,5,False,661,12,113,0.10619469026548672
645,Klang,Steel,,60,80,95,70,85,50,5,False,662,27,121,0.2231404958677686
646,Klinklang,Steel,,60,100,115,70,85,90,5,False,663,99,131,0.7557251908396947
647,Tynamo,Electric,,35,55,40,45,40,60,5,False,664,45,126,0.35714285714285715
648,Eelektrik,Electric,,65,85,70,75,70,40,5,False,665,26,128,0.203125
649,Eelektross,Electric,,85,115,80,105,80,50,5,False,666,34,111,0.3063063063063063
650,Elgyem,Psychic,,55,55,55,85,55,30,5,False,667,21,159,0.1320754716981132
651,Beheeyem,Psychic,,75,75,75,125,95,40,5,False,668,21,134,0.15671641791044777
652,Litwick,Ghost,Fire,50,30,55,65,55,20,5,False,669,16,117,0.13675213675213677
653,Lampent,Ghost,Fire,60,40,60,95,60,55,5,False,670,57,135,0.4222222222222222
654,Chandelure,Ghost,Fire,60,55,90,145,90,80,5,False,671,68,112,0.6071428571428571
655,Axew,Dragon,,46,87,60,30,40,57,5,False,672,51,135,0.37777777777777777
656,Fraxure,Dragon,,66,117,70,40,50,67,5,False,673,59,129,0.4573643410852713
657,Haxorus,Dragon,,76,147,90,60,70,97,5,False,674,105,127,0.8267716535433071
658,Cubchoo,Ice,,55,70,40,60,40,40,5,False,675,31,115,0.26956521739130435
659,Beartic,Ice,,95,110,80,70,80,50,5,False,676,48,129,0.37209302325581395
660,Cryogonal,Ice,,70,50,30,95,135,105,5,False,677,119,148,0.8040540540540541
661,Shelmet,Bug,,50,40,85,40,65,25,5,False,678,11,124,0.08870967741935484
662,Accelgor,Bug,,80,70,40,100,60,145,5,False,679,118,128,0.921875
663,Stunfisk,Ground,Electric,109,66,84,81,99,32,5,False,680,29,144,0.2013888888888889
664,Mienfoo,Fighting,,45,85,50,55,50,65,5,False,681,66,130,0.5076923076923077
665,Mienshao,Fighting,,65,125,60,95,60,105,5,False,682,121,131,0.9236641221374046
666,Druddigon,Dragon,,77,120,90,60,90,48,5,False,683,39,140,0.2785714285714286
667,Golett,Ground,Ghost,59,74,50,35,50,35,5,False,684,40,128,0.3125
668,Golurk,Ground,Ghost,89,124,80,55,80,55,5,False,685,72,126,0.5714285714285714
669,Pawniard,Dark,Steel,45,85,70,40,40,60,5,False,686,57,109,0.5229357798165137
670,Bisharp,Dark,Steel,65,125,100,60,70,70,5,False,687,86,141,0.6099290780141844
671,Bouffalant,Normal,,95,110,95,40,95,55,5,False,688,48,119,0.40336134453781514
672,Rufflet,Normal,Flying,70,83,50,37,50,60,5,False,689,41,122,0.3360655737704918
673,Braviary,Normal,Flying,100,123,75,57,75,80,5,False,690,108,156,0.6923076923076923
674,Vullaby,Dark,Flying,70,55,75,45,65,60,5,False,691,56,122,0.45901639344262296
675,Mandibuzz,Dark,Flying,110,65,105,55,95,80,5,False,692,92,147,0.6258503401360545
676,Heatmor,Fire,,85,97,66,105,66,65,5,False,693,57,121,0.47107438016528924
677,Durant,Bug,Steel,58,109,112,48,48,109,5,False,694,118,134,0.8805970149253731
678,Deino,Dark,Dragon,52,65,50,45,50,38,5,False,695,34,124,0.27419354838709675
679,Zweilous,Dark,Dragon,72,85,70,65,70,58,5,False,696,57,138,0.41304347826086957
680,Hydreigon,Dark,Dragon,92,105,90,125,90,98,5,False,697,106,129,0.8217054263565892
681,Larvesta,Bug,Fire,55,85,55,50,55,60,5,False,698,58,137,0.4233576642335766
682,Volcarona,Bug,Fire,85,60,65,135,105,100,5,False,699,103,137,0.7518248175182481
683,Cobalion,Steel,Fighting,91,90,129,90,72,108,5,True,700,117,128,0.9140625
684,Terrakion,Rock,Fighting,91,129,90,72,90,108,5,True,701,105,123,0.8536585365853658
685,Virizion,Grass,Fighting,91,90,72,90,129,108,5,True,702,112,125,0.896
686,Tornadus Incarnate Forme,Flying,,79,115,70,125,80,111,5,True,703,94,111,0.8468468468468469
687,Tornadus Therian Forme,Flying,,79,100,80,110,90,121,5,True,704,121,125,0.968
688,Thundurus Incarnate Forme,Electric,Flying,79,115,70,125,80,111,5,True,705,108,125,0.864
689,Thundurus Therian Forme,Electric,Flying,79,105,70,145,80,101,5,True,706,99,115,0.8608695652173913
690,Reshiram,Dragon,Fire,100,120,100,150,120,90,5,True,707,91,125,0.728
691,Zekrom,Dragon,Electric,100,150,120,120,100,90,5,True,708,100,154,0.6493506493506493
692,Landorus Incarnate Forme,Ground,Flying,89,125,90,115,80,101,5,True,709,89,102,0.8725490196078431
693,Landorus Therian Forme,Ground,Flying,89,145,90,105,80,91,5,True,710,112,131,0.8549618320610687
694,Kyurem,Dragon,Ice,125,130,90,130,90,95,5,True,711,99,128,0.7734375
695,Kyurem Black Kyurem,Dragon,Ice,125,170,100,120,90,95,5,True,712,77,100,0.77
696,Kyurem White Kyurem,Dragon,Ice,125,120,90,170,100,95,5,True,713,100,128,0.78125
697,Keldeo Ordinary Forme,Water,Fighting,91,72,90,129,90,108,5,False,714,100,116,0.8620689655172413
698,Keldeo Resolute Forme,Water,Fighting,91,72,90,129,90,108,5,False,715,108,121,0.8925619834710744
699,Meloetta Aria Forme,Normal,Psychic,100,77,77,128,128,90,5,False,716,98,142,0.6901408450704225
700,Meloetta Pirouette Forme,Normal,Fighting,100,128,90,77,77,128,5,False,717,118,123,0.959349593495935
701,Genesect,Bug,Steel,71,120,95,120,95,99,5,False,718,105,128,0.8203125
702,Chespin,Grass,,56,61,65,48,45,38,6,False,719,26,148,0.17567567567567569
703,Quilladin,Grass,,61,78,95,56,58,57,6,False,720,48,119,0.40336134453781514
704,Chesnaught,Grass,Fighting,88,107,122,74,75,64,6,False,721,57,124,0.4596774193548387
705,Fennekin,Fire,,40,45,40,62,60,60,6,False,722,41,121,0.33884297520661155
706,Braixen,Fire,,59,59,58,90,70,73,6,False,723,67,115,0.5826086956521739
707,Delphox,Fire,Psychic,75,69,72,114,100,104,6,False,724,104,126,0.8253968253968254
708,Froakie,Water,,41,56,40,62,44,71,6,False,725,71,125,0.568
709,Frogadier,Water,,54,63,52,83,56,97,6,False,726,107,139,0.7697841726618705
710,Greninja,Water,Dark,72,95,67,103,71,122,6,False,727,122,127,0.9606299212598425
711,Bunnelby,Normal,,38,36,38,32,36,57,6,False,728,44,113,0.3893805309734513
712,Diggersby,Normal,Ground,85,56,77,50,77,78,6,False,729,68,128,0.53125
713,Fletchling,Normal,Flying,45,50,43,40,38,62,6,False,730,55,136,0.40441176470588236
714,Fletchinder,Fire,Flying,62,73,55,56,52,84,6,False,731,92,127,0.7244094488188977
715,Talonflame,Fire,Flying,78,81,71,74,69,126,6,False,732,120,132,0.9090909090909091
716,Scatterbug,Bug,,38,35,40,27,25,35,6,False,733,11,134,0.08208955223880597
717,Spewpa,Bug,,45,22,60,27,30,29,6,False,734,10,133,0.07518796992481203
718,Vivillon,Bug,Flying,80,52,50,90,50,89,6,False,735,80,120,0.6666666666666666
719,Litleo,Fire,Normal,62,50,58,73,54,72,6,False,736,55,124,0.4435483870967742
720,Pyroar,Fire,Normal,86,68,72,109,66,106,6,False,737,98,121,0.8099173553719008
721,Flabébé,Fairy,,44,38,39,61,79,42,6,False,738,34,151,0.2251655629139073
722,Floette,Fairy,,54,45,47,75,98,52,6,False,739,48,121,0.39669421487603307
723,Florges,Fairy,,78,65,68,112,154,75,6,False,740,76,121,0.628099173553719
724,Skiddo,Grass,,66,65,48,62,57,52,6,False,741,46,127,0.36220472440944884
725,Gogoat,Grass,,123,100,62,97,81,68,6,False,742,62,129,0.4806201550387597
726,Pancham,Fighting,,67,82,62,46,48,43,6,False,743,26,118,0.22033898305084745
727,Pangoro,Fighting,Dark,95,124,78,69,71,58,6,False,744,46,123,0.37398373983739835
728,Furfrou,Normal,,75,80,60,65,90,102,6,False,745,113,131,0.8625954198473282
729,Espurr,Psychic,,62,48,54,63,60,68,6,False,746,58,112,0.5178571428571429
730,Meowstic Male,Psychic,,74,48,76,83,81,104,6,False,747,91,115,0.7913043478260869
731,Meowstic Female,Psychic,,74,48,76,83,81,104,6,False,748,93,127,0.7322834645669292
732,Honedge,Steel,Ghost,45,80,100,35,37,28,6,False,749,35,112,0.3125
733,Doublade,Steel,Ghost,59,110,150,45,49,35,6,False,750,44,132,0.3333333333333333
734,Aegislash Blade Forme,Steel,Ghost,60,150,50,150,50,60,6,False,751,64,128,0.5
735,Aegislash Shield Forme,Steel,Ghost,60,50,150,50,150,60,6,False,752,63,121,0.5206611570247934
736,Spritzee,Fairy,,78,52,60,63,65,23,6,False,753,8,133,0.06015037593984962
737,Aromatisse,Fairy,,101,72,72,99,89,29,6,False,754,25,129,0.1937984496124031
738,Swirlix,Fairy,,62,48,66,59,57,49,6,False,755,41,121,0.33884297520661155
739,Slurpuff,Fairy,,82,80,86,85,75,72,6,False,756,81,131,0.6183206106870229
740,Inkay,Dark,Psychic,53,54,53,37,46,45,6,False,757,34,110,0.3090909090909091
741,Malamar,Dark,Psychic,86,92,88,68,75,73,6,False,758,108,158,0.6835443037974683
742,Binacle,Rock,Water,42,52,67,39,56,50,6,False,759,37,129,0.2868217054263566
743,Barbaracle,Rock,Water,72,105,115,54,86,68,6,False,760,69,134,0.5149253731343284
744,Skrelp,Poison,Water,50,60,60,60,60,30,6,False,761,14,124,0.11290322580645161
745,Dragalge,Poison,Dragon,65,75,90,97,123,44,6,False,762,31,156,0.1987179487179487
746,Clauncher,Water,,50,53,62,58,63,44,6,False,763,17,124,0.13709677419354838
747,Clawitzer,Water,,71,73,88,120,89,59,6,False,764,64,147,0.43537414965986393
748,Helioptile,Electric,Normal,44,38,33,61,43,70,6,False,765,59,112,0.5267857142857143
749,Heliolisk,Electric,Normal,62,55,52,109,94,109,6,False,766,94,120,0.7833333333333333
750,Tyrunt,Rock,Dragon,58,89,77,45,45,48,6,False,767,34,107,0.3177570093457944
751,Tyrantrum,Rock,Dragon,82,121,119,69,59,71,6,False,768,82,152,0.5394736842105263
752,Amaura,Rock,Ice,77,59,50,67,63,46,6,False,769,28,121,0.23140495867768596
753,Aurorus,Rock,Ice,123,77,72,99,92,58,6,False,770,61,132,0.4621212121212121
754,Sylveon,Fairy,,95,65,65,110,130,60,6,False,771,49,122,0.4016393442622951
755,Hawlucha,Fighting,Flying,78,92,75,74,63,118,6,False,772,107,121,0.8842975206611571
756,Dedenne,Electric,Fairy,67,58,57,81,67,101,6,False,773,109,124,0.8790322580645161
757,Carbink,Rock,Fairy,50,50,150,50,150,50,6,False,774,36,140,0.2571428571428571
758,Goomy,Dragon,,45,50,35,55,75,40,6,False,775,25,117,0.21367521367521367
759,Sliggoo,Dragon,,68,75,53,83,113,60,6,False,776,59,130,0.45384615384615384
760,Goodra,Dragon,,90,100,70,110,150,80,6,False,777,64,106,0.6037735849056604
761,Klefki,Steel,Fairy,57,80,91,80,87,75,6,False,778,70,122,0.5737704918032787
762,Phantump,Ghost,Grass,43,70,48,50,60,38,6,False,779,33,138,0.2391304347826087
763,Trevenant,Ghost,Grass,85,110,76,65,82,56,6,False,780,59,150,0.3933333333333333
764,Pumpkaboo Average Size,Ghost,Grass,49,66,70,44,55,51,6,False,781,49,115,0.4260869565217391
765,Pumpkaboo Large Size,Ghost,Grass,54,66,70,44,55,46,6,False,783,51,121,0.4214876033057851
766,Pumpkaboo Super Size,Ghost,Grass,59,66,70,44,55,41,6,False,784,33,131,0.25190839694656486
767,Gourgeist Average Size,Ghost,Grass,65,90,122,58,75,84,6,False,785,92,128,0.71875
768,Gourgeist Small Size,Ghost,Grass,55,85,122,58,75,99,6,False,786,98,121,0.8099173553719008
769,Gourgeist Large Size,Ghost,Grass,75,95,122,58,75,69,6,False,787,71,124,0.5725806451612904
770,Gourgeist Super Size,Ghost,Grass,85,100,122,58,75,54,6,False,788,52,132,0.3939393939393939
771,Bergmite,Ice,,55,69,85,32,35,28,6,False,789,12,129,0.09302325581395349
772,Avalugg,Ice,,95,117,184,44,46,28,6,False,790,36,121,0.2975206611570248
773,Noibat,Flying,Dragon,40,30,35,45,40,55,6,False,791,40,127,0.31496062992125984
774,Noivern,Flying,Dragon,85,70,80,97,80,123,6,False,792,107,115,0.9304347826086956
775,Xerneas,Fairy,,126,131,95,131,98,99,6,True,793,107,129,0.8294573643410853
776,Yveltal,Dark,Flying,126,131,95,131,98,99,6,True,794,111,137,0.8102189781021898
777,Zygarde Half Forme,Dragon,Ground,108,100,121,81,95,95,6,True,795,80,107,0.7476635514018691
778,Diancie,Rock,Fairy,50,100,150,100,150,50,6,True,796,39,105,0.37142857142857144
779,Mega Diancie,Rock,Fairy,50,160,110,160,110,110,6,True,797,116,131,0.8854961832061069
780,Hoopa Confined,Psychic,Ghost,80,110,60,150,130,70,6,True,798,60,119,0.5042016806722689
781,Hoopa Unbound,Psychic,Dark,80,160,60,170,130,80,6,True,799,89,144,0.6180555555555556
782,Volcanion,Fire,Water,80,110,120,130,90,70,6,True,800,75,121,0.6198347107438017
